key,avg_returns,SD,sharpe
DXC,126.91146726445224,536.650787299554,0.23648646432267648
WELL,69.85789529182247,393.82703911478,0.1773800891092772
J,3.885411332325431,32.54196315994842,0.11937175742078333
RTX,2.60852462513966,6.920547125497676,0.3768061365454733
risk_free,0.9457285714285715,0.8464504389204688,1.1163188392148187
BKR,0.2574335982912815,2.3080992968545284,0.11117961806972249
TPR,0.10536489654463778,0.9876652742325236,0.10585053385204371
EW,0.0779705522218972,0.5811879767391298,0.13274629777230706
AMD,0.06264047412981184,0.1704818919900776,0.36262193836639217
NVDA,0.054872125398846575,0.12291546442668815,0.43975040611009114
ISRG,0.04043156534309341,0.24999982377142385,0.15844637306348852
NFLX,0.03934448568122903,0.11671715276531922,0.330067044718692
ALGN,0.03805390498020252,0.13052149238595157,0.28527029763115186
AMZN,0.03662809877363869,0.08613123747037578,0.4157388170111294
ABMD,0.03571820804620729,0.1306960710430801,0.2670180348015521
MKTX,0.03332821739664437,0.08664209448561394,0.3752011950962478
MSCI,0.0318348772244065,0.062314516760131757,0.4977151206001091
MNST,0.030817721894612772,0.2365170351796923,0.12683112601940996
CPRT,0.028836539048162742,0.07464000006860307,0.37535556032170686
TTWO,0.028448087833721086,0.0877498932004184,0.31485038700411033
ADBE,0.02818732287204797,0.06290903864615142,0.4350300602427377
IDXX,0.028140871478189017,0.07725585952820643,0.353641414968842
CDNS,0.027581422946006528,0.06876427900552542,0.389176231221099
LRCX,0.026878330982952642,0.0939917201624301,0.277240707350822
DHR,0.026735483538698406,0.07509592867287658,0.3450983827843473
SNPS,0.024971204413181767,0.06399640174946904,0.3773837864779975
MSFT,0.024855062633271405,0.06307414121889486,0.3810604816617197
ADSK,0.024751130147712956,0.10204179379320469,0.23452282891274115
AAPL,0.024691764312896082,0.08399433155144352,0.2842068491047575
NEM,0.02463532864754315,0.11375964535911925,0.20934777505997254
ZBRA,0.024335528309641946,0.10827287817629382,0.21718761619464028
ODFL,0.023925171164987682,0.1023871998876456,0.22566464548637036
CTAS,0.02386682590953097,0.07551756244197082,0.30518498166887476
BLL,0.02375886077452899,0.1513042206069166,0.1516075406390903
AVGO,0.023616253407922703,0.08142588858260819,0.27996321323279694
FTNT,0.023183410738787807,0.09939647225432464,0.2249919965123792
ATVI,0.023110788971574862,0.0810969574351681,0.2748659096044996
DD,0.02302040344805075,0.24994848254319213,0.0888199168971327
CRM,0.022973356314030424,0.08443369956150432,0.2623757626289155
BBY,0.02276997832444591,0.10044714208527356,0.21852267639244236
CNC,0.02275678691787153,0.14814963006668705,0.14807183054049514
ROL,0.02252896615127749,0.06018494394344206,0.3607042680255411
GPN,0.022181813765563163,0.06989698334769034,0.30561853662986493
TMUS,0.02209060982445992,0.05710523886630407,0.37248088348354685
TDG,0.02173591420398373,0.0937676729575292,0.22306103526166537
SPGI,0.021492785629623774,0.06376949952346182,0.3241798318021599
PGR,0.021483874010235965,0.05253197934359626,0.39335799390081283
RMD,0.021462605996588596,0.06964465820643176,0.29639898490710415
CHTR,0.021266153388061645,0.07474308741844823,0.27355243266302487
ANSS,0.02117824716427012,0.06789250773518946,0.2998599969775193
TMO,0.021136507604494734,0.05902652925110464,0.34419282079192426
ETN,0.02087458829834192,0.10760797415354162,0.1863671206162362
KLAC,0.02066314353180258,0.08686854439859036,0.22842725947788045
EQIX,0.020657680695112986,0.054925581065755874,0.361173797530948
INTU,0.020530331513250948,0.06384421437208333,0.30872541399568904
LDOS,0.020095767472838092,0.0977688192498084,0.19715659471744992
SIVB,0.019998431191591327,0.11642949247674021,0.16472141880565794
MA,0.019875816640062657,0.06186026114072688,0.308046171947323
IPGP,0.019712436053617326,0.11537355732533508,0.1637501390404706
DHI,0.019651844877648577,0.09637157092005773,0.19540871543196067
VRSN,0.019571819353749517,0.06691554312649503,0.28023114627197554
MTD,0.019558708321824686,0.06965595118488459,0.2690180523425399
XLNX,0.019355011467395267,0.08018475814495496,0.23115379900365074
BR,0.01919792781814825,0.0622259266338013,0.2953419709810365
NVR,0.019091981267388244,0.0741231845217065,0.2465083143053225
NEE,0.018838232125868885,0.04810394448372957,0.37456870365305023
UNH,0.01881873419464224,0.0563301031652411,0.3195224788039886
DG,0.018590234945576125,0.06524641791158181,0.2723557172082201
TXN,0.01847946703748584,0.06325244138568911,0.27919028342013213
HUM,0.01847050376038196,0.08251923436735886,0.21389563167546494
PKI,0.01846363982733372,0.07145564815117823,0.24691735760349118
GOOG,0.018218200237637587,0.06425463996880477,0.2707695544801792
EL,0.0180900546753025,0.06160684887558649,0.2803268628489496
GOOGL,0.01804785963787386,0.0648134394646963,0.2658069033237748
AVY,0.018001293848663676,0.06458948865979709,0.26600758428604737
DE,0.017980354914766464,0.07229582642169186,0.23736300923752382
MCHP,0.01793582911450363,0.09049063416487471,0.18914475815605888
AMAT,0.017927428544693917,0.09157053187884685,0.18682242194823157
AWK,0.01787451673059293,0.04917446186600508,0.3468165402005737
TFX,0.017677233672096566,0.07058205092556893,0.2388317348538521
MCO,0.017590610008443506,0.06414935158351003,0.261430701861599
HOLX,0.017393935380317308,0.0898029833702246,0.1845588504781526
STE,0.01711895479921957,0.057077997607310575,0.28555582680658004
HD,0.017034000508223096,0.05808312506134435,0.279151655340492
URI,0.01689464928421979,0.13247303533957935,0.12134280189937734
MLM,0.016804323370281697,0.08402701714359988,0.19022838027160863
NLOK,0.016789872580007907,0.1296364545274892,0.12318967406364481
SHW,0.016787392416646195,0.06624390338270608,0.24103942553624805
EA,0.016768705488581365,0.08244587036169558,0.19344456451988826
LOW,0.01666598473222806,0.08100895896416685,0.19560780603583985
V,0.016610199646472874,0.052252667584508326,0.30218934987262336
MAS,0.016553275154964672,0.075768161985119,0.20765021537746572
DLR,0.016466509792408823,0.06104256323236186,0.25632131031014416
MXIM,0.01643558981623347,0.07295412157303499,0.21404671154323435
COST,0.01643521464097094,0.04970405497851874,0.3141637970527671
NDAQ,0.016360145899341618,0.05461416553887045,0.2845442340097874
QCOM,0.016284529292894076,0.1157050611607789,0.1336547350457316
PLD,0.016266390366634225,0.05697977884110144,0.2710854741944386
NKE,0.016227092634818887,0.06157907440629876,0.2502001334603194
MSI,0.016210151923349937,0.06664982013342337,0.23091062950419167
VRSK,0.016144678513532688,0.05101070036887268,0.3004208607746147
TJX,0.016095812847216617,0.14544549899546705,0.10502774546287406
A,0.01605783372594944,0.06583402930915336,0.23145831852997065
ACN,0.016013535832413398,0.05684899900195963,0.26726127283067314
GRMN,0.015973627206165304,0.07272219779396358,0.20837691469527006
ADI,0.01585570977030061,0.07782048635028951,0.19321017479409103
SBAC,0.015828925369663273,0.06130933695350528,0.24480651912848908
BSX,0.015791021113219058,0.06618656529069496,0.22619425932537107
PHM,0.01576504687372835,0.09861929855489661,0.15154282267997643
SWKS,0.015746102178091345,0.10109767716725591,0.1476404067464143
MKC,0.01569958315366695,0.05351666356700173,0.2780364499935245
DRI,0.015658005295948466,0.09820352432943867,0.15109442759072597
ABT,0.015618595920822303,0.059781911010495535,0.24754303886712833
TGT,0.01561467435289422,0.07909418279897579,0.187051358637791
CSX,0.01555919473772927,0.07746641756946449,0.19026560411823057
FISV,0.015524270543389623,0.05136403726389899,0.28627559916760015
ROK,0.015481983693061691,0.07536946266923697,0.19453480459860265
LHX,0.015357515490464007,0.06622863566846712,0.21950498215359782
MCD,0.015255647597412289,0.048976743429817136,0.29474494599867246
PWR,0.015143931817058707,0.0871533982883359,0.1643531072611742
AMT,0.015142530768059438,0.05291331212423521,0.27067915791080244
AJG,0.015041934462513189,0.05270227831840256,0.2698542627814096
ANTM,0.014954341961695863,0.07278878907461868,0.19418295236655453
JKHY,0.014849374274404931,0.0523916963803075,0.2677785840826135
FMC,0.014845756094020788,0.07977955437477378,0.175806398067018
ROP,0.014689570892323544,0.06030095171614344,0.23000583734751334
EXR,0.014660060911418346,0.06091976016447378,0.227185085332778
FCX,0.01456172623646897,0.1946636016460552,0.07059217090545104
CTXS,0.014532418742339117,0.07545040642989938,0.18174082011180764
VAR,0.014475124345339551,0.07388440731124679,0.18481740386460335
APD,0.014400722799627754,0.05793830952617682,0.23439970739035657
CHD,0.014309143020553935,0.05583157044162873,0.24160421986798097
ETFC,0.014219468351757247,0.08522999879456891,0.15721539999143
CCI,0.014187689465217881,0.04718508594356836,0.2833032768278763
NSC,0.01418501824521272,0.07737065029772683,0.17274015655527442
VMC,0.014162188689194655,0.06536772148433559,0.20410974080520636
EBAY,0.014143555140510203,0.08952574473428741,0.14882372863866747
RSG,0.014119039341625722,0.04056711814941326,0.3278280525780477
IEX,0.014111450846376944,0.05875532879646536,0.22621694267799825
ITW,0.014094829920430645,0.05745415357532742,0.23105083086858433
ORLY,0.014008159456619186,0.06856966007803071,0.19233228576036926
SBUX,0.013994045615534014,0.05903326867768044,0.22316307246112083
DOV,0.013923429609200318,0.07461775430036724,0.1756073970874761
CE,0.013874115388940865,0.07760308170337019,0.16821645613042638
WM,0.013786601872911322,0.046766903796902036,0.2772602165245385
FAST,0.013663402193142143,0.07652569957150525,0.16783122879054937
DRE,0.013599176316334989,0.05312962277355954,0.24052827122075235
ICE,0.013574376739427787,0.05255381097958956,0.2426917572996035
SYK,0.013428921622926908,0.05311710397486374,0.23737968901493098
BF-B,0.013401232962396618,0.05569024934959211,0.2259144663443452
CLX,0.013385815871930598,0.05333697559890545,0.2355929583714242
CAT,0.01337828542737649,0.07536971401581741,0.16662243702743726
WEC,0.013357351041544162,0.0472919110292663,0.2651056125388019
APH,0.013352690063914714,0.06149870835059693,0.20378785831512616
XEL,0.013338762276854337,0.045477774018913356,0.27527209822644394
CMG,0.013258123873319068,0.1052019722726223,0.11823090009269682
DGX,0.013227858398068282,0.07649821850560194,0.16219800461313563
ALB,0.013172777299237104,0.10302167522268542,0.11990464407161006
LLY,0.012895216671048156,0.0577088043978133,0.20924392381807358
NOC,0.012828824797478345,0.0598641884532244,0.20060114582295865
VRTX,0.012797611178235602,0.09651919686081177,0.12409563659660632
SWK,0.012666898184286526,0.07696183975850847,0.153932107411411
ADP,0.012634876937938317,0.05541920505109182,0.213191021542911
CME,0.012620376773190806,0.05608206597844947,0.21041266164704614
BAX,0.012594266596443497,0.06101975855368789,0.19295826262707966
PAYX,0.012570817482262835,0.056417383863253234,0.20828362957674443
FIS,0.012548124851101492,0.05370351747161082,0.2183865304037358
LMT,0.012490514695166856,0.05875119037863903,0.19864303378285358
MU,0.012452699684153407,0.11971931044383922,0.0971664440851449
HRL,0.012452422366892589,0.05931354607785032,0.1961174661792229
EXPD,0.012369355929186346,0.054321654449105056,0.21261053342930025
AOS,0.012361497042453186,0.07060337493021207,0.16346948079835252
ULTA,0.01230429432220993,0.10182272989765573,0.1127871383310293
AIZ,0.0122933227114496,0.06159783030462448,0.18626179939633744
WAT,0.012169279875101701,0.070132682300871,0.1618258350138813
CMS,0.012125645796669122,0.04646193518093824,0.24333135829666103
YUM,0.012115987721026265,0.06705983268566315,0.16844640477967157
ILMN,0.012101002761819279,0.10554965854017186,0.10687862867434826
LYV,0.012068898768116627,0.07899916479016626,0.1423926290612743
AON,0.012024599665513768,0.05565331723605836,0.20132851412950803
PH,0.011948486700421616,0.08197872271854852,0.13574847632876919
COO,0.011844859646397051,0.06538271308238651,0.16862040632215744
AEE,0.011787344865222014,0.04375750477772147,0.25063917426127746
BLK,0.011746483306017472,0.065764306882801,0.16614610301435445
LEN,0.011707379526281498,0.09612224318587763,0.11326597429928771
ARE,0.011683807651329358,0.053968003872885494,0.20130089815657481
LH,0.0116535177726111,0.07513445866290913,0.14418840523248722
MMC,0.011552542416407836,0.05100879161697633,0.2104057374461684
AFL,0.011545232561258617,0.13825125125102916,0.07757783357623518
TSCO,0.011540494458511132,0.07744122791663215,0.1384339420605788
AME,0.011530067990192691,0.06297012355162418,0.17008173695915274
EFX,0.011515000878770113,0.07634669882741915,0.14008465386232405
ROST,0.01133658895975638,0.06456960469042704,0.16287212861496037
WRB,0.011269574540368945,0.050449360719575696,0.20712996936578093
HAS,0.011044653575688249,0.07751566217902194,0.13190435698110242
LNT,0.011027990057234361,0.04711346306304841,0.2166682173962414
JPM,0.011024217160549698,0.06645606975756964,0.15354830939859174
AES,0.010962390700201963,0.0742019768182404,0.13668626005808449
PKG,0.010943578200788786,0.07671125709908495,0.13196991658880722
MAA,0.010900334119376295,0.055349321884411634,0.1821220888745031
HON,0.010889024230930452,0.05022108128054834,0.20049397532247865
LIN,0.01088650923534547,0.05283543394822541,0.19052572266577505
CMI,0.010853802575973246,0.06918649329295729,0.14502545364580025
AZO,0.01079337805995831,0.06656033620317048,0.1498396587047775
ES,0.01074628691397391,0.046231903403733655,0.2147064296118137
STZ,0.010711156493531123,0.06694852186624767,0.14774271660981636
RF,0.010704520825479808,0.09746218239585266,0.1014190384669698
ECL,0.010565756953263674,0.05554147032852007,0.17546811230633394
TROW,0.010471576522295706,0.06597131127374849,0.146299601083362
FDX,0.010386968630061751,0.08628847875732144,0.11087191207725411
BDX,0.010346826991490586,0.06065508998284722,0.15706558170443236
WMT,0.010334134210689246,0.051443865869020576,0.18494205382839715
UPS,0.010300840910002896,0.07510927474184717,0.12622729939263602
TEL,0.010257901184272165,0.06881125086576738,0.13715636709879064
TFC,0.010055508103624914,0.11359526088286795,0.08130187854533799
ATO,0.009997620909127989,0.04389314804699609,0.20909005886981663
AEP,0.009780257374693605,0.05068653820306366,0.17677785250980146
SYY,0.009741397333707097,0.07191330718245637,0.12405767003695138
APA,0.00973034254913737,0.30534940434275565,0.029180808681504692
UNP,0.00966545106413941,0.06532887895516078,0.13539878849307344
TSN,0.009597885358539143,0.07840929590470408,0.11194954956880979
DTE,0.009524125379973106,0.05015831665514891,0.17353304417722323
CI,0.00942510422882285,0.07086328307071187,0.12143248034720791
AKAM,0.009424617346399553,0.08519862039943317,0.10099479670044986
CBRE,0.00939037725614647,0.08581196128188052,0.0998739234964454
NRG,0.009371248364696536,0.11167511563424577,0.07657254990183551
PEG,0.009360131556726367,0.05289324210532714,0.16145978610500505
AMP,0.00934436485178121,0.09437261662497382,0.09032667691790384
GLW,0.00933125238074421,0.07165205086827768,0.11878588648343037
BA,0.00932819898298885,0.10276366753917208,0.08279384325929826
BAC,0.00928536536171057,0.08621376361525414,0.0981904165498322
PG,0.009282382188593511,0.04228109685564598,0.20014575822111133
CINF,0.009262759883338632,0.06584653823697413,0.12821873570565107
WLTW,0.00915704018910982,0.05470232495141738,0.1524074195477829
FITB,0.00915534038191442,0.0948022751538173,0.08792342133551412
SCHW,0.009106206708909114,0.08595606290590634,0.09640049146945912
AMGN,0.009091852867526111,0.07104644683138242,0.11642880448557906
KMX,0.00907248205085216,0.1023139219764687,0.08065844697801888
KSU,0.009069667582730517,0.07362497835613349,0.11204984730624726
REGN,0.009027575801310103,0.10180403293984248,0.08062132279337186
TIF,0.009013281356694599,0.09468866185517116,0.08652864235452437
GWW,0.00899803674434404,0.07395440474219621,0.1105821454834575
CMCSA,0.008934228190526883,0.0630343979921041,0.12872698794622103
O,0.008826776335852752,0.06785122235428645,0.11800489450352444
PCAR,0.008826161386835958,0.06838934126978644,0.1170673856215805
RJF,0.008584577495302548,0.07836494601095717,0.09908227964856746
EVRG,0.008563784715500265,0.0562423413424325,0.13768603032281487
OKE,0.008550531592449322,0.13022644251650647,0.05936222661898686
CSCO,0.008460806226422335,0.06682433705325869,0.11434166896908604
MDLZ,0.00842729701471761,0.051764877703694825,0.14695865907888783
CAG,0.008365638372483539,0.07748203558988909,0.09738564965461745
JBHT,0.008350101410015529,0.06856418614697793,0.1098255785297822
PEP,0.008329687368720862,0.04260732943294822,0.17625341622358584
MGM,0.008326981348170868,0.12360123411421364,0.06073548862169165
MS,0.008319711471762112,0.08143488965513601,0.0920945740028901
INCY,0.008312531664419589,0.10829814794442529,0.06918430099344346
BKNG,0.00830305902285817,0.08119160009019445,0.0921654335491031
MAR,0.008243181286723357,0.0950662616333955,0.0780842873084608
GL,0.008225226292687623,0.05842917505679732,0.1267385049590246
NI,0.008220929235875724,0.049538978712204376,0.1493960801830668
IT,0.008165428673647624,0.07780789361670466,0.09440467197110483
CMA,0.008101578966693689,0.10567264680562966,0.06890694221076107
CTSH,0.008090068350717267,0.07927876515285755,0.09170259320638803
LYB,0.008037425478799884,0.08741108901928492,0.082568762839776
MDT,0.008012719874767791,0.05364585597829474,0.13407782844732657
MRK,0.007949091939611602,0.05116726124938012,0.13932916801752743
EXPE,0.007774721310166896,0.10129429790470158,0.06865856671132613
ZION,0.007737486449089423,0.09333789865184854,0.07411230110173926
VZ,0.007691283895050809,0.048264491303315636,0.14236727062694163
INTC,0.007673683034206398,0.07166893561395246,0.09562975891150428
NTAP,0.007599993342370002,0.09895550569333003,0.06851557470063031
SO,0.007573994463223134,0.051450247393394426,0.13127234183309805
PNC,0.007539652043483588,0.0687020866569085,0.09780855823260323
RCL,0.007534765030608735,0.13905138870751638,0.048289809206671884
%5EGSPC,0.0075102412734719464,0.04208680683756766,0.15896290966650578
PSA,0.007454429427759904,0.052338969650739586,0.12675888486211642
HSY,0.007430319459104598,0.0550403168513445,0.12009958948743087
WHR,0.007402825050268548,0.10848604383405762,0.060679003654495564
DFS,0.007245669498363856,0.09942003597698452,0.0646315346320271
JNJ,0.007173002738557174,0.04594706135492562,0.13826787940761567
ETR,0.007088031269037363,0.054561316578258856,0.11488049889791327
EMN,0.0070801632345291465,0.08687395492407722,0.07206029977569417
DIS,0.007073747024872355,0.06827546405661253,0.0915958186631567
LEG,0.0069998749113186565,0.09484349774250914,0.06515865671779013
CBOE,0.006973247401538453,0.06824726203751397,0.09016108804710952
STX,0.006942294156933528,0.11653241230386972,0.05253726440476529
HBAN,0.006837399601791047,0.08578906449190632,0.07014180230813395
ED,0.006819422995480397,0.05107791938520102,0.11745629163623743
PNW,0.006756700201997547,0.05228148527653124,0.1135526309284577
DLTR,0.006699677256022421,0.07981287131511346,0.07366828381362893
PFE,0.006509503285499935,0.05818036308731145,0.09779078341195087
NTRS,0.006422905271435513,0.06703178335508521,0.08358580051131016
JCI,0.006393387167992185,0.07885193424419737,0.07068167980168888
CHRW,0.006322898665182995,0.06290339235872068,0.08748174714968443
DUK,0.006316140878981811,0.04899852480629338,0.112169517362202
FLIR,0.006273022373245153,0.09107707551057574,0.059872611660790054
ALL,0.006251493621075728,0.05126653747070461,0.10594617637634418
PNR,0.0062005286540353964,0.0761035570381026,0.07070009423267218
WU,0.006193707283175608,0.06254913870237319,0.08591177104364704
EMR,0.006149409334396882,0.0725356438521415,0.07347297206405841
SNA,0.006148886815155422,0.06963186216558495,0.07652943134686388
VLO,0.006051475964961423,0.11334912640080368,0.04615365050510288
LVS,0.005985724204002748,0.09758240809122098,0.05293704372589145
ZBH,0.0058842602723221315,0.07705357296346015,0.06572388635013295
KMB,0.0058805151346072735,0.049635123361323044,0.10195431766672218
GIS,0.005854092846798461,0.05319520492563041,0.09463433506528227
LKQ,0.0058283501966917796,0.08838002831892812,0.05666834795094939
KEY,0.005798452945037022,0.08901691696806303,0.05592704302288027
ORCL,0.005797583618116456,0.05203160842410493,0.09566461174032181
RE,0.005791461835872991,0.05732668851686902,0.0867215945049762
SRE,0.005720857831442288,0.052961970955688005,0.09253541254238284
HPQ,0.005659907032718828,0.07945717406432523,0.06091214657093947
NUE,0.005545694058833945,0.08276488898049751,0.05709781185047556
CB,0.005526725378173663,0.05385387837561311,0.0873980764272129
KO,0.005516402373432527,0.0433772490127805,0.10826879251952556
TRV,0.005435252608785426,0.05577768325577845,0.08274371288641316
EXC,0.005422941156585981,0.05122500630031823,0.08985730776879154
CPB,0.00528489420955848,0.06321285896482787,0.07063268902364918
SJM,0.0052624662756494784,0.056856035002506994,0.07813535142669716
BRK-B,0.005251651648153707,0.045380795941493114,0.0976547800939231
IFF,0.005188821609053155,0.0807672935790948,0.05409146964637117
PPG,0.005156525494845863,0.06619193737511155,0.06551440653973689
PM,0.005063503931754955,0.07115727533832533,0.059635559562655184
DVA,0.005036623475405239,0.08066043759649079,0.05227622860787315
D,0.004938168661946247,0.041914859340935424,0.09825080476708907
HSIC,0.004865730263293557,0.0692155899104905,0.058451141838500385
CL,0.004798243743812279,0.04519280146765626,0.08802826146238006
BMY,0.0047640188114157775,0.07202394142096084,0.05475983032314259
KR,0.004739717277735168,0.08023039569851977,0.048855763998275854
CNP,0.00459848646331568,0.06889163922816427,0.05484680732884869
ABC,0.004552506179784406,0.0673885332235968,0.05538785311441428
COF,0.0043968448280966785,0.08881529132975545,0.04027284912928436
VFC,0.004295572208504331,0.07480740783108059,0.04646026789689562
UDR,0.004253524836258425,0.04964029343669952,0.06916810112407573
GS,0.004188552150410164,0.08050019461643587,0.04184526716314796
LUV,0.0041548724456040645,0.09376337129212167,0.03556689994874653
ESS,0.0039497983146403945,0.054402278356237094,0.05753064778180509
AAP,0.003934595591618603,0.09889713186267961,0.03149328532543566
WY,0.0038636051025168223,0.09556378947075932,0.03184893691818392
MMM,0.0035000934700970083,0.05575776827393245,0.04806672779530866
CERN,0.00336206979147967,0.06312969349964677,0.04026741855627564
EIX,0.0033562144420651975,0.07059200334849663,0.03592778674298964
AXP,0.003336241470276321,0.06603513792012398,0.038104584158209276
RHI,0.003276354702517619,0.08610012974662505,0.02852904763031328
K,0.003252484730697761,0.04866344745825494,0.04998586943073493
IPG,0.0031403175246759144,0.06666841535880075,0.03480384995185902
GD,0.0031203088682086387,0.06210577035524535,0.03703856912249633
FFIV,0.0030910698619905142,0.07665805815187152,0.02962597692588524
IP,0.0030771726126710484,0.07247816757483956,0.031142793591467877
SEE,0.002964624724528683,0.07377524907007546,0.029069704969638396
PPL,0.002934240894308869,0.057297611801363606,0.03689928476667422
UHS,0.00291158926374491,0.07606503331278189,0.027497381814640467
AIV,0.002897921443922989,0.058530294385390744,0.03550164006080314
ADM,0.002872371799386307,0.06297503766108348,0.03259024330293662
T,0.0028638604311386666,0.052416455641379,0.03899272482523955
JNPR,0.002735676915125085,0.07413026355356797,0.025842035671986778
HIG,0.0027196732541878823,0.0628738288061246,0.03021405392767862
PFG,0.0026382521904542173,0.08294153294464546,0.02192209531101511
IRM,0.002560894784043899,0.06957464694364612,0.02502197079712074
GPS,0.0024913200287082406,0.1380518975534579,0.01210646183302953
USB,0.002484954245427928,0.06413681332586234,0.025959416427017226
LB,0.0024520376119320357,0.15905302103978966,0.010260965816699297
MET,0.002369438480957263,0.07558845672007801,0.020498347872019682
GPC,0.002368367324742782,0.06613462900558055,0.023412353679524354
PRU,0.002171434928904205,0.08719935981420798,0.015498220764276835
AVB,0.0021154537604059056,0.05631153173160172,0.023005123827574806
MO,0.0020963322686890526,0.06513286255358217,0.019595826417717566
MTB,0.0020812998248068404,0.07464624068100595,0.016897030758680705
C,0.0020536608477145397,0.0915759510645256,0.013471450019069815
TXT,0.002028435180031751,0.08822451305648729,0.013697272313172523
WYNN,0.0020247302190777145,0.1426163975656308,0.008447347146903697
LNC,0.0018794404886990246,0.11543522956381627,0.009177791673323889
STT,0.0017108732505923961,0.08691099989963397,0.010250408482484253
XRAY,0.0015534448091930973,0.07367491921254592,0.009955149147529718
BK,0.0014548784007410935,0.0648091590175828,0.009796121572397664
FE,0.001320107033092258,0.05799768143237071,0.008622879755553974
PEAK,0.0012856470848835629,0.07010094409501891,0.006642522306866476
HFC,0.0011678009693121684,0.1301348547641094,0.0026726196447724496
HBI,9.641942799364478e-4,0.11197188325847632,0.0012877722133474271
PBCT,9.159153418957836e-4,0.06951652017462166,0.0013797488950086912
IBM,7.333831319423048e-4,0.06764537407080619,-0.001280455156727066
ALK,3.655176347929239e-4,0.10024638536351764,-0.004533653393676122
EQR,3.3692036347174564e-4,0.052328433070662976,-0.009231685494498106
HES,0.00025244352153370254,0.13013525210930124,-0.004361281584098396
BWA,2.0374262870472362e-4,0.10259107768860032,-0.00600692950283486
BIIB,1.6380791404323785e-4,0.09346442092142641,-0.0070207687533677555
VTR,-1.8878838462115243e-4,0.09751813531953812,-0.010344623400720808
WAB,-2.0544352843279316e-4,0.09567455143852285,-0.010718038527640316
KSS,-3.9088867911108203e-4,0.13108903888919507,-0.009237146670474894
WMB,-4.340137700090023e-4,0.1137317177661032,-0.011026069021378579
DAL,-5.587625630388473e-4,0.09382451622095576,-0.014695120407462329
CVX,-7.367302193983104e-4,0.07292437337918366,-0.021347186780801063
XRX,-9.435547741081573e-4,0.11462118909712242,-0.015385940313477621
MHK,-9.501148492304879e-4,0.09412077490482142,-0.018806845258344893
L,-9.566688818621818e-4,0.049886749523616804,-0.03561404378573697
ALXN,-0.0010675257008520788,0.10625167067427746,-0.017764668441199685
MCK,-0.001326400439964229,0.07484304578110965,-0.02867868908277353
CF,-0.0013314980031556654,0.10459635341116544,-0.020569531661378145
AIG,-0.001664580260937365,0.08913668815342693,-0.02787382291633687
HRB,-0.0018068421637175971,0.09186488505480937,-0.028594627448239266
NWL,-0.001983391278146096,0.11340665069290654,-0.024719813705965
F,-0.002032281477912891,0.08039128036187078,-0.03547998570334644
GILD,-0.002135358958398451,0.07112126022332244,-0.04155380471491301
UNM,-0.002145467222474351,0.09941012146959402,-0.02983063674639388
COG,-0.0022569823012690204,0.09213923862158892,-0.03339491781461346
HOG,-0.0023199360993580824,0.09959757526534972,-0.03152623034238139
PXD,-0.0023647636176670588,0.10668581526455645,-0.029851799977059487
CAH,-0.0025743846798663974,0.07450619768828977,-0.04555842044265127
DISCA,-0.002639135262257978,0.1002495517728198,-0.03450524417402769
UAL,-0.0026797566238394278,0.11192123308230655,-0.031269818312899725
OMC,-0.002758804470680744,0.05686398162534097,-0.06293622726351401
PVH,-0.0029057917634413358,0.12025400921901241,-0.03098268230421943
BXP,-0.0029414819899931223,0.06652209239619897,-0.056544853814731344
REG,-0.0030472911554383065,0.06703686889418164,-0.057689018285487996
CVS,-0.0032794828836124404,0.06945056882422547,-0.059027347839122016
KIM,-0.0034229426365861254,0.08897352000910279,-0.04768770119640129
FLS,-0.0035016056826104106,0.09834491923691978,-0.04394335483869136
DISCK,-0.0035391978107673742,0.10163050112694783,-0.04289261356019734
HAL,-0.003734794037355075,0.14091254168539255,-0.03232355319744573
MOS,-0.0039843382647480365,0.11724838757663539,-0.040975729935798434
FRT,-0.004247351928958538,0.06720620328262247,-0.0754000625157887
COP,-0.004725838748193225,0.10399150248123919,-0.05332972998629128
UAA,-0.00473539047302229,0.12246196881279134,-0.0453642100227448
WDC,-0.005290196393662384,0.11981373251322006,-0.050997463024434156
HST,-0.005642871700079144,0.07145254567597972,-0.09044984526355056
TAP,-0.006022845755921543,0.07502651966926618,-0.09120569348126968
IVZ,-0.00603781971471272,0.10370147658348174,-0.06613039602374457
CXO,-0.00606459286598017,0.10948307278085737,-0.06288271502719378
SPG,-0.006133068574434351,0.09327680395583852,-0.074542311481065
SLG,-0.006709232815576394,0.0930255717391669,-0.08093723773810822
CCL,-0.00673412606417749,0.10969109790722419,-0.06886726642636676
EOG,-0.006793761086584324,0.10950312393714619,-0.06953008108658666
WBA,-0.007109444362775549,0.06843138015125282,-0.11587438899009812
HP,-0.007117802698946947,0.12823279239778482,-0.061901503901774735
VNO,-0.007355046591946577,0.08895673623467053,-0.09189912914948407
RL,-0.00775922467921111,0.09721679633857801,-0.08824837890493892
WFC,-0.008049280103803883,0.07013688219217742,-0.12645672043849562
MRO,-0.008759556237024985,0.1898725309469353,-0.050452565145941174
XOM,-0.008819654382512556,0.06967279900188186,-0.1383560660775547
BEN,-0.008909397662522365,0.07594807862769093,-0.12810590917273043
DVN,-0.009029986114610361,0.18226664870794687,-0.05404162629002625
DISH,-0.009171477559898085,0.10422056945202905,-0.09586857577569648
CTL,-0.009673493763487568,0.09518512278308555,-0.11024300286296702
GE,-0.009997784660715856,0.09561761923312677,-0.11313589218678255
ADS,-0.01293494659950508,0.13336198305615354,-0.1031399375166265
PRGO,-0.013532732847358746,0.0924962703559182,-0.15517093599699303
MYL,-0.013650196521259846,0.10182852776898557,-0.14210356211854322
JWN,-0.01412743166468132,0.12390430373770515,-0.1206369045608275
AAL,-0.014341650528360067,0.11584981079669214,-0.1308733300822359
SLB,-0.015033039077746195,0.10837727547097989,-0.146276412733693
OXY,-0.015457575337643664,0.13740991907077768,-0.11845997325170786
FTI,-0.017846735115837984,0.13081597304101886,-0.1426946165816067
NBL,-0.018325638113977957,0.15834418768518096,-0.1209115307221962
NOV,-0.020549739878302553,0.11320654578908455,-0.18876770534202658
